Gene,log2FC,p_value,-log10(p_value)
BRCA1,1.134036546915601,1.582818501378061e-05,4.8005688819595616
